филиал,категория/уровень,услуга,цена_руб,цена_от,длительность,источник
Васильева 55,Барбер,Стрижка,1400,да,40 м,https://dikidi.net/ru/profile/daddyson_729613/services
Васильева 55,Барбер,Стрижка детская(до 12 лет),1200,да,30 м,https://dikidi.net/ru/profile/daddyson_729613/services
Васильева 55,Барбер,Стрижка машинкой (фейд),1100,да,30 м,https://dikidi.net/ru/profile/daddyson_729613/services
Васильева 55,Барбер,Стрижка+Оформление бороды (комплекс),2100,да,1 ч 10 м,https://dikidi.net/ru/profile/daddyson_729613/services
Васильева 55,Барбер,Оформление бороды и усов,900,да,30 м,https://dikidi.net/ru/profile/daddyson_729613/services
Васильева 55,Барбер,Папа+сын,2300,да,1 ч 20 м,https://dikidi.net/ru/profile/daddyson_729613/services
Васильева 55,Барбер,Оформление бороды и усов с бритьем,1100,да,50 м,https://dikidi.net/ru/profile/daddyson_729613/services
Васильева 55,Барбер,Стрижка + оформление борды с бритьем ( комплекс ),2300,да,1 ч 30 м,https://dikidi.net/ru/profile/daddyson_729613/services
Васильева 55,Дополнительные услуги,Депиляция - нос/уши,400,да,15 м,https://dikidi.net/ru/profile/daddyson_729613/services
Васильева 55,Дополнительные услуги,Комплексная депиляция,700,да,30 м,https://dikidi.net/ru/profile/daddyson_729613/services
Васильева 55,Дополнительные услуги,Окантовка/мытье/укладка,350,да,20 м,https://dikidi.net/ru/profile/daddyson_729613/services
Васильева 55,Дополнительные услуги,Оформление бровей,350,да,15 м,https://dikidi.net/ru/profile/daddyson_729613/services
Васильева 55,Дополнительные услуги,Тонирование Бороды,700,да,30 м,https://dikidi.net/ru/profile/daddyson_729613/services
Васильева 55,Дополнительные услуги,Тонирование головы,1600,нет,30 м,https://dikidi.net/ru/profile/daddyson_729613/services
Васильева 55,Старший барбер,Детская стрижка,1400,нет,30 м,https://dikidi.net/ru/profile/daddyson_729613/services
Васильева 55,Старший барбер,Королевское бритьё головы,1600,нет,40 м,https://dikidi.net/ru/profile/daddyson_729613/services
Васильева 55,Старший барбер,Королевское бритье лица,1400,нет,40 м,https://dikidi.net/ru/profile/daddyson_729613/services
Васильева 55,Старший барбер,Оформление бороды и усов,1200,нет,30 м,https://dikidi.net/ru/profile/daddyson_729613/services
Васильева 55,Старший барбер,Папа + сын,2700,да,1 ч 20 м,https://dikidi.net/ru/profile/daddyson_729613/services
Васильева 55,Старший барбер,Стрижка + оформление бороды и усов,2200,да,1 ч,https://dikidi.net/ru/profile/daddyson_729613/services
Васильева 55,Старший барбер,Стрижка машинкой (Фейд),1300,нет,30 м,https://dikidi.net/ru/profile/daddyson_729613/services
Васильева 55,Старший барбер,Оформление бороды и усов с бритьем,1400,нет,50 м,https://dikidi.net/ru/profile/daddyson_729613/services
Васильева 55,Уход за лицом,Интенсивный уход за лицом VOLCANO,1400,нет,25 м,https://dikidi.net/ru/profile/daddyson_729613/services
Васильева 55,Уход за лицом,Уход за лицом VOLCANO,1200,нет,25 м,https://dikidi.net/ru/profile/daddyson_729613/services
Васильева 55,Шеф барбер,Детская стрижка,1600,нет,40 м,https://dikidi.net/ru/profile/daddyson_729613/services
Васильева 55,Шеф барбер,Стрижка,1900,нет,40 м,https://dikidi.net/ru/profile/daddyson_729613/services
Васильева 55,Шеф барбер,Королевское бритье головы,1900,нет,40 м,https://dikidi.net/ru/profile/daddyson_729613/services
Васильева 55,Шеф барбер,Королевское бритье лица,1500,нет,40 м,https://dikidi.net/ru/profile/daddyson_729613/services
Васильева 55,Шеф барбер,Оформление бороды и усов,1300,нет,30 м,https://dikidi.net/ru/profile/daddyson_729613/services
Васильева 55,Шеф барбер,Оформление бороды и усов с бритьем,1500,нет,50 м,https://dikidi.net/ru/profile/daddyson_729613/services
Васильева 55,Шеф барбер,Папа + сын,3150,нет,1 ч 20 м,https://dikidi.net/ru/profile/daddyson_729613/services
Васильева 55,Шеф барбер,Стрижка + оформление бороды и усов,2900,нет,1 ч 10 м,https://dikidi.net/ru/profile/daddyson_729613/services
Васильева 55,Шеф барбер,Стрижка + оформление бороды с бритьем ( комплекс ),3100,нет,1 ч 20 м,https://dikidi.net/ru/profile/daddyson_729613/services
Васильева 55,Шеф барбер,Стрижка машинкой (фейд),1600,нет,30 м,https://dikidi.net/ru/profile/daddyson_729613/services
Васильева 55,Шеф барбер,Тонирование головы,800,да,40 м,https://dikidi.net/ru/profile/daddyson_729613/services
Училищный 7,Барбер,Оформление бороды и усов,900,да,30 м,https://dikidi.net/ru/profile/daddyson_1858651/services
Училищный 7,Барбер,Папа + сын,2300,да,1 ч 10 м,https://dikidi.net/ru/profile/daddyson_1858651/services
Училищный 7,Барбер,Стрижка,1400,да,50 м,https://dikidi.net/ru/profile/daddyson_1858651/services
Училищный 7,Барбер,Стрижка + оформление бороды,2100,да,1 ч,https://dikidi.net/ru/profile/daddyson_1858651/services
Училищный 7,Барбер,Стрижка детская,1200,да,30 м,https://dikidi.net/ru/profile/daddyson_1858651/services
Училищный 7,Барбер,Стрижка машинкой (фейд),1100,да,30 м,https://dikidi.net/ru/profile/daddyson_1858651/services
Училищный 7,Барбер,Оформление бороды и усов с бритьем,1100,да,1 ч,https://dikidi.net/ru/profile/daddyson_1858651/services
Училищный 7,Барбер,Стрижка + оформление бороды с бритьем ( комплекс 2),2300,да,1 ч 30 м,https://dikidi.net/ru/profile/daddyson_1858651/services
Училищный 7,Старший барбер,Королевское бритье головы,1600,нет,40 м,https://dikidi.net/ru/profile/daddyson_1858651/services
Училищный 7,Старший барбер,Королевское бритье лица,1400,нет,40 м,https://dikidi.net/ru/profile/daddyson_1858651/services
Училищный 7,Шеф - барбер,Королевское бритье головы,1900,нет,40 м,https://dikidi.net/ru/profile/daddyson_1858651/services
Училищный 7,Шеф - барбер,Королевское бритье лица,1500,нет,40 м,https://dikidi.net/ru/profile/daddyson_1858651/services
Училищный 7,Шеф - барбер,Оформление бороды и усов,1300,нет,30 м,https://dikidi.net/ru/profile/daddyson_1858651/services
Училищный 7,Шеф - барбер,Папа + сын,3150,нет,1 ч 20 м,https://dikidi.net/ru/profile/daddyson_1858651/services
Училищный 7,Шеф - барбер,Стрижка,1900,нет,40 м,https://dikidi.net/ru/profile/daddyson_1858651/services
Училищный 7,Шеф - барбер,Стрижка + оформление бороды (комплекс),2900,нет,1 ч,https://dikidi.net/ru/profile/daddyson_1858651/services
Училищный 7,Шеф - барбер,Стрижка детская,1600,нет,40 м,https://dikidi.net/ru/profile/daddyson_1858651/services
Училищный 7,Шеф - барбер,Стрижка машинкой (фейд),1600,нет,30 м,https://dikidi.net/ru/profile/daddyson_1858651/services
Училищный 7,Шеф - барбер,Оформление бороды и усов с бритьем,1500,нет,40 м,https://dikidi.net/ru/profile/daddyson_1858651/services
Училищный 7,Шеф - барбер,Стрижка + оформление бороды с бритьем ( комплекс 2),3100,нет,1 ч 20 м,https://dikidi.net/ru/profile/daddyson_1858651/services
Училищный 7,Дополнительные услуги,Депиляция - нос/уши,400,да,15 м,https://dikidi.net/ru/profile/daddyson_1858651/services
Училищный 7,Дополнительные услуги,Комплексная депилция,700,да,30 м,https://dikidi.net/ru/profile/daddyson_1858651/services
Училищный 7,Дополнительные услуги,Окантовка/мытье/укладка,400,да,20 м,https://dikidi.net/ru/profile/daddyson_1858651/services
Училищный 7,Дополнительные услуги,Оформление бровей,400,да,15 м,https://dikidi.net/ru/profile/daddyson_1858651/services
Училищный 7,Дополнительные услуги,Тонирование бороды,800,да,30 м,https://dikidi.net/ru/profile/daddyson_1858651/services
Училищный 7,Дополнительные услуги,Тонирование головы,800,да,40 м,https://dikidi.net/ru/profile/daddyson_1858651/services
Училищный 7,Новый барбер,Детская стрижка,600,да,1 ч,https://dikidi.net/ru/profile/daddyson_1858651/services
Училищный 7,Новый барбер,Окантовка/мытье/укладка,400,да,30 м,https://dikidi.net/ru/profile/daddyson_1858651/services
Училищный 7,Новый барбер,Оформление бороды и усов,600,да,40 м,https://dikidi.net/ru/profile/daddyson_1858651/services
Училищный 7,Новый барбер,Папа + Сын,1500,да,1 ч 40 м,https://dikidi.net/ru/profile/daddyson_1858651/services
Училищный 7,Новый барбер,Стрижка,800,да,1 ч,https://dikidi.net/ru/profile/daddyson_1858651/services
Училищный 7,Новый барбер,Стрижка + Оформление бороды и усов,1400,да,1 ч 30 м,https://dikidi.net/ru/profile/daddyson_1858651/services
Училищный 7,Новый барбер,Восковая депиляция,300,да,10 м,https://dikidi.net/ru/profile/daddyson_1858651/services
Училищный 7,Новый барбер,Комплексная депиляция,500,да,20 м,https://dikidi.net/ru/profile/daddyson_1858651/services
Училищный 7,Новый барбер,Оформление бровей,400,нет,10 м,https://dikidi.net/ru/profile/daddyson_1858651/services
Училищный 7,Новый барбер,Стрижка машинкой Фэйд,800,да,40 м,https://dikidi.net/ru/profile/daddyson_1858651/services
Училищный 7,Новый барбер,Тонирование бороды,800,да,30 м,https://dikidi.net/ru/profile/daddyson_1858651/services
Училищный 7,Новый барбер,Тонирование головы,800,да,30 м,https://dikidi.net/ru/profile/daddyson_1858651/services
Училищный 7,Уход за лицом,Интенсивный уход за лицом VOLCANO,1400,нет,25 м,https://dikidi.net/ru/profile/daddyson_1858651/services
Училищный 7,Уход за лицом,Уход за лицом VOLCANO,1200,нет,25 м,https://dikidi.net/ru/profile/daddyson_1858651/services
